Upload Image,Detected Image,Detection Results (JSON),flag,username,timestamp
,,,,,2025-07-27 15:41:47.537907
flagged\Upload Image\14f4a3b739bf3acce48c\Image_2201.jpg,EfficientResB3/weights/best.pt,"model.0.conv (Conv2d, backbone)",flagged\Detected Image\4f0337c3cb8d69be5b14\image.webp,"[{""class"": ""st"", ""confidence"": 0.839, ""bbox"": [562.0, 281.0, 584.0, 316.0]}, {""class"": ""st"", ""confidence"": 0.825, ""bbox"": [400.0, 270.0, 423.0, 301.0]}, {""class"": ""st"", ""confidence"": 0.822, ""bbox"": [334.0, 428.0, 357.0, 460.0]}, {""class"": ""st"", ""confidence"": 0.816, ""bbox"": [335.0, 324.0, 356.0, 353.0]}, {""class"": ""st"", ""confidence"": 0.794, ""bbox"": [428.0, 363.0, 446.0, 391.0]}, {""class"": ""st"", ""confidence"": 0.792, ""bbox"": [506.0, 288.0, 527.0, 318.0]}, {""class"": ""st"", ""confidence"": 0.787, ""bbox"": [359.0, 352.0, 378.0, 378.0]}, {""class"": ""st"", ""confidence"": 0.764, ""bbox"": [316.0, 175.0, 338.0, 199.0]}, {""class"": ""st"", ""confidence"": 0.763, ""bbox"": [207.0, 203.0, 228.0, 229.0]}, {""class"": ""st"", ""confidence"": 0.761, ""bbox"": [447.0, 579.0, 466.0, 607.0]}, {""class"": ""st"", ""confidence"": 0.734, ""bbox"": [228.0, 109.0, 247.0, 140.0]}, {""class"": ""st"", ""confidence"": 0.714, ""bbox"": [220.0, 383.0, 238.0, 407.0]}, {""class"": ""st"", ""confidence"": 0.678, ""bbox"": [123.0, 259.0, 139.0, 279.0]}, {""class"": ""st"", ""confidence"": 0.638, ""bbox"": [536.0, 612.0, 553.0, 634.0]}, {""class"": ""st"", ""confidence"": 0.637, ""bbox"": [166.0, 122.0, 182.0, 148.0]}, {""class"": ""st"", ""confidence"": 0.63, ""bbox"": [151.0, 99.0, 170.0, 129.0]}, {""class"": ""st"", ""confidence"": 0.609, ""bbox"": [503.0, 328.0, 520.0, 349.0]}, {""class"": ""st"", ""confidence"": 0.571, ""bbox"": [72.0, 204.0, 89.0, 224.0]}, {""class"": ""st"", ""confidence"": 0.553, ""bbox"": [461.0, 427.0, 480.0, 448.0]}, {""class"": ""st"", ""confidence"": 0.544, ""bbox"": [372.0, 133.0, 391.0, 156.0]}, {""class"": ""st"", ""confidence"": 0.538, ""bbox"": [261.0, 103.0, 279.0, 131.0]}, {""class"": ""st"", ""confidence"": 0.501, ""bbox"": [495.0, 545.0, 513.0, 570.0]}, {""class"": ""st"", ""confidence"": 0.424, ""bbox"": [212.0, 559.0, 226.0, 581.0]}, {""class"": ""st"", ""confidence"": 0.343, ""bbox"": [252.0, 213.0, 267.0, 232.0]}, {""class"": ""st"", ""confidence"": 0.298, ""bbox"": [448.0, 293.0, 466.0, 314.0]}, {""class"": ""st"", ""confidence"": 0.283, ""bbox"": [239.0, 31.0, 258.0, 59.0]}, {""class"": ""st"", ""confidence"": 0.271, ""bbox"": [340.0, 284.0, 360.0, 307.0]}]",flagged\Intermediate Layer Output\3005a415e147b07dd932\image.webp,"DetectionModel(
  (model): Sequential(
    (0): Conv(
      (conv): Conv2d(3, 32, kernel_size=(6, 6), stride=(2, 2), padding=(2, 2), bias=False)
      (bn): BatchNorm2d(32, eps=0.001, momentum=0.03, affine=True, track_running_stats=True)
      (act): SiLU(inplace=True)
    )
    (1): Conv(
      (conv): Conv2d(32, 64, kernel_size=(3, 3), stride=(2, 2), padding=(1, 1), bias=False)
      (bn): BatchNorm2d(64, eps=0.001, momentum=0.03, affine=True, track_running_stats=True)
      (act): SiLU(inplace=True)
    )
    (2): C3(
      (cv1): Conv(
        (conv): Conv2d(64, 32, kernel_size=(1, 1), stride=(1, 1), bias=False)
        (bn): BatchNorm2d(32, eps=0.001, momentum=0.03, affine=True, track_running_stats=True)
        (act): SiLU(inplace=True)
      )
      (cv2): Conv(
        (conv): Conv2d(64, 32, kernel_size=(1, 1), stride=(1, 1), bias=False)
        (bn): BatchNorm2d(32, eps=0.001, momentum=0.03, affine=True, track_running_stats=True)
        (act): SiLU(inplace=True)
      )
      (cv3): Conv(
        (conv): Conv2d(64, 64, kernel_size=(1, 1), stride=(1, 1), bias=False)
        (bn): BatchNorm2d(64, eps=0.001, momentum=0.03, affine=True, track_running_stats=True)
        (act): SiLU(inplace=True)
      )
      (m): Sequential(
        (0): Bottleneck(
          (cv1): Conv(
            (conv): Conv2d(32, 32, kernel_size=(1, 1), stride=(1, 1), bias=False)
            (bn): BatchNorm2d(32, eps=0.001, momentum=0.03, affine=True, track_running_stats=True)
            (act): SiLU(inplace=True)
          )
          (cv2): Conv(
            (conv): Conv2d(32, 32, kernel_size=(3, 3), stride=(1, 1), padding=(1, 1), bias=False)
            (bn): BatchNorm2d(32, eps=0.001, momentum=0.03, affine=True, track_running_stats=True)
            (act): SiLU(inplace=True)
          )
        )
      )
    )
    (3): Conv(
      (conv): Conv2d(64, 128, kernel_size=(3, 3), stride=(2, 2), padding=(1, 1), bias=False)
      (bn): BatchNorm2d(128, eps=0.001, momentum=0.03, affine=True, track_running_stats=True)
      (act): SiLU(inplace=True)
    )
    (4): C3(
      (cv1): Conv(
        (conv): Conv2d(128, 64, kernel_size=(1, 1), stride=(1, 1), bias=False)
        (bn): BatchNorm2d(64, eps=0.001, momentum=0.03, affine=True, track_running_stats=True)
        (act): SiLU(inplace=True)
      )
      (cv2): Conv(
        (conv): Conv2d(128, 64, kernel_size=(1, 1), stride=(1, 1), bias=False)
        (bn): BatchNorm2d(64, eps=0.001, momentum=0.03, affine=True, track_running_stats=True)
        (act): SiLU(inplace=True)
      )
      (cv3): Conv(
        (conv): Conv2d(128, 128, kernel_size=(1, 1), stride=(1, 1), bias=False)
        (bn): BatchNorm2d(128, eps=0.001, momentum=0.03, affine=True, track_running_stats=True)
        (act): SiLU(inplace=True)
      )
      (m): Sequential(
        (0): Bottleneck(
          (cv1): Conv(
            (conv): Conv2d(64, 64, kernel_size=(1, 1), stride=(1, 1), bias=False)
            (bn): BatchNorm2d(64, eps=0.001, momentum=0.03, affine=True, track_running_stats=True)
            (act): SiLU(inplace=True)
          )
          (cv2): Conv(
            (conv): Conv2d(64, 64, kernel_size=(3, 3), stride=(1, 1), padding=(1, 1), bias=False)
            (bn): BatchNorm2d(64, eps=0.001, momentum=0.03, affine=True, track_running_stats=True)
            (act): SiLU(inplace=True)
          )
        )
        (1): Bottleneck(
          (cv1): Conv(
            (conv): Conv2d(64, 64, kernel_size=(1, 1), stride=(1, 1), bias=False)
            (bn): BatchNorm2d(64, eps=0.001, momentum=0.03, affine=True, track_running_stats=True)
            (act): SiLU(inplace=True)
          )
          (cv2): Conv(
            (conv): Conv2d(64, 64, kernel_size=(3, 3), stride=(1, 1), padding=(1, 1), bias=False)
            (bn): BatchNorm2d(64, eps=0.001, momentum=0.03, affine=True, track_running_stats=True)
            (act): SiLU(inplace=True)
          )
        )
      )
    )
    (5): Conv(
      (conv): Conv2d(128, 256, kernel_size=(3, 3), stride=(2, 2), padding=(1, 1), bias=False)
      (bn): BatchNorm2d(256, eps=0.001, momentum=0.03, affine=True, track_running_stats=True)
      (act): SiLU(inplace=True)
    )
    (6): C3(
      (cv1): Conv(
        (conv): Conv2d(256, 128, kernel_size=(1, 1), stride=(1, 1), bias=False)
        (bn): BatchNorm2d(128, eps=0.001, momentum=0.03, affine=True, track_running_stats=True)
        (act): SiLU(inplace=True)
      )
      (cv2): Conv(
        (conv): Conv2d(256, 128, kernel_size=(1, 1), stride=(1, 1), bias=False)
        (bn): BatchNorm2d(128, eps=0.001, momentum=0.03, affine=True, track_running_stats=True)
        (act): SiLU(inplace=True)
      )
      (cv3): Conv(
        (conv): Conv2d(256, 256, kernel_size=(1, 1), stride=(1, 1), bias=False)
        (bn): BatchNorm2d(256, eps=0.001, momentum=0.03, affine=True, track_running_stats=True)
        (act): SiLU(inplace=True)
      )
      (m): Sequential(
        (0): Bottleneck(
          (cv1): Conv(
            (conv): Conv2d(128, 128, kernel_size=(1, 1), stride=(1, 1), bias=False)
            (bn): BatchNorm2d(128, eps=0.001, momentum=0.03, affine=True, track_running_stats=True)
            (act): SiLU(inplace=True)
          )
          (cv2): Conv(
            (conv): Conv2d(128, 128, kernel_size=(3, 3), stride=(1, 1), padding=(1, 1), bias=False)
            (bn): BatchNorm2d(128, eps=0.001, momentum=0.03, affine=True, track_running_stats=True)
            (act): SiLU(inplace=True)
          )
        )
        (1): Bottleneck(
          (cv1): Conv(
            (conv): Conv2d(128, 128, kernel_size=(1, 1), stride=(1, 1), bias=False)
            (bn): BatchNorm2d(128, eps=0.001, momentum=0.03, affine=True, track_running_stats=True)
            (act): SiLU(inplace=True)
          )
          (cv2): Conv(
            (conv): Conv2d(128, 128, kernel_size=(3, 3), stride=(1, 1), padding=(1, 1), bias=False)
            (bn): BatchNorm2d(128, eps=0.001, momentum=0.03, affine=True, track_running_stats=True)
            (act): SiLU(inplace=True)
          )
        )
        (2): Bottleneck(
          (cv1): Conv(
            (conv): Conv2d(128, 128, kernel_size=(1, 1), stride=(1, 1), bias=False)
            (bn): BatchNorm2d(128, eps=0.001, momentum=0.03, affine=True, track_running_stats=True)
            (act): SiLU(inplace=True)
          )
          (cv2): Conv(
            (conv): Conv2d(128, 128, kernel_size=(3, 3), stride=(1, 1), padding=(1, 1), bias=False)
            (bn): BatchNorm2d(128, eps=0.001, momentum=0.03, affine=True, track_running_stats=True)
            (act): SiLU(inplace=True)
          )
        )
      )
    )
    (7): Conv(
      (conv): Conv2d(256, 384, kernel_size=(3, 3), stride=(2, 2), padding=(1, 1), bias=False)
      (bn): BatchNorm2d(384, eps=0.001, momentum=0.03, affine=True, track_running_stats=True)
      (act): SiLU(inplace=True)
    )
    (8): C3(
      (cv1): Conv(
        (conv): Conv2d(384, 192, kernel_size=(1, 1), stride=(1, 1), bias=False)
        (bn): BatchNorm2d(192, eps=0.001, momentum=0.03, affine=True, track_running_stats=True)
        (act): SiLU(inplace=True)
      )
      (cv2): Conv(
        (conv): Conv2d(384, 192, kernel_size=(1, 1), stride=(1, 1), bias=False)
        (bn): BatchNorm2d(192, eps=0.001, momentum=0.03, affine=True, track_running_stats=True)
        (act): SiLU(inplace=True)
      )
      (cv3): Conv(
        (conv): Conv2d(384, 384, kernel_size=(1, 1), stride=(1, 1), bias=False)
        (bn): BatchNorm2d(384, eps=0.001, momentum=0.03, affine=True, track_running_stats=True)
        (act): SiLU(inplace=True)
      )
      (m): Sequential(
        (0): Bottleneck(
          (cv1): Conv(
            (conv): Conv2d(192, 192, kernel_size=(1, 1), stride=(1, 1), bias=False)
            (bn): BatchNorm2d(192, eps=0.001, momentum=0.03, affine=True, track_running_stats=True)
            (act): SiLU(inplace=True)
          )
          (cv2): Conv(
            (conv): Conv2d(192, 192, kernel_size=(3, 3), stride=(1, 1), padding=(1, 1), bias=False)
            (bn): BatchNorm2d(192, eps=0.001, momentum=0.03, affine=True, track_running_stats=True)
            (act): SiLU(inplace=True)
          )
        )
      )
    )
    (9): Conv(
      (conv): Conv2d(384, 512, kernel_size=(3, 3), stride=(2, 2), padding=(1, 1), bias=False)
      (bn): BatchNorm2d(512, eps=0.001, momentum=0.03, affine=True, track_running_stats=True)
      (act): SiLU(inplace=True)
    )
    (10): C3(
      (cv1): Conv(
        (conv): Conv2d(512, 256, kernel_size=(1, 1), stride=(1, 1), bias=False)
        (bn): BatchNorm2d(256, eps=0.001, momentum=0.03, affine=True, track_running_stats=True)
        (act): SiLU(inplace=True)
      )
      (cv2): Conv(
        (conv): Conv2d(512, 256, kernel_size=(1, 1), stride=(1, 1), bias=False)
        (bn): BatchNorm2d(256, eps=0.001, momentum=0.03, affine=True, track_running_stats=True)
        (act): SiLU(inplace=True)
      )
      (cv3): Conv(
        (conv): Conv2d(512, 512, kernel_size=(1, 1), stride=(1, 1), bias=False)
        (bn): BatchNorm2d(512, eps=0.001, momentum=0.03, affine=True, track_running_stats=True)
        (act): SiLU(inplace=True)
      )
      (m): Sequential(
        (0): Bottleneck(
          (cv1): Conv(
            (conv): Conv2d(256, 256, kernel_size=(1, 1), stride=(1, 1), bias=False)
            (bn): BatchNorm2d(256, eps=0.001, momentum=0.03, affine=True, track_running_stats=True)
            (act): SiLU(inplace=True)
          )
          (cv2): Conv(
            (conv): Conv2d(256, 256, kernel_size=(3, 3), stride=(1, 1), padding=(1, 1), bias=False)
            (bn): BatchNorm2d(256, eps=0.001, momentum=0.03, affine=True, track_running_stats=True)
            (act): SiLU(inplace=True)
          )
        )
      )
    )
    (11): SPPF(
      (cv1): Conv(
        (conv): Conv2d(512, 256, kernel_size=(1, 1), stride=(1, 1), bias=False)
        (bn): BatchNorm2d(256, eps=0.001, momentum=0.03, affine=True, track_running_stats=True)
        (act): SiLU(inplace=True)
      )
      (cv2): Conv(
        (conv): Conv2d(1024, 512, kernel_size=(1, 1), stride=(1, 1), bias=False)
        (bn): BatchNorm2d(512, eps=0.001, momentum=0.03, affine=True, track_running_stats=True)
        (act): SiLU(inplace=True)
      )
      (m): MaxPool2d(kernel_size=5, stride=1, padding=2, dilation=1, ceil_mode=False)
    )
    (12): Conv(
      (conv): Conv2d(512, 384, kernel_size=(1, 1), stride=(1, 1), bias=False)
      (bn): BatchNorm2d(384, eps=0.001, momentum=0.03, affine=True, track_running_stats=True)
      (act): SiLU(inplace=True)
    )
    (13): Upsample(scale_factor=2.0, mode='nearest')
    (14): Concat()
    (15): C3(
      (cv1): Conv(
        (conv): Conv2d(768, 192, kernel_size=(1, 1), stride=(1, 1), bias=False)
        (bn): BatchNorm2d(192, eps=0.001, momentum=0.03, affine=True, track_running_stats=True)
        (act): SiLU(inplace=True)
      )
      (cv2): Conv(
        (conv): Conv2d(768, 192, kernel_size=(1, 1), stride=(1, 1), bias=False)
        (bn): BatchNorm2d(192, eps=0.001, momentum=0.03, affine=True, track_running_stats=True)
        (act): SiLU(inplace=True)
      )
      (cv3): Conv(
        (conv): Conv2d(384, 384, kernel_size=(1, 1), stride=(1, 1), bias=False)
        (bn): BatchNorm2d(384, eps=0.001, momentum=0.03, affine=True, track_running_stats=True)
        (act): SiLU(inplace=True)
      )
      (m): Sequential(
        (0): Bottleneck(
          (cv1): Conv(
            (conv): Conv2d(192, 192, kernel_size=(1, 1), stride=(1, 1), bias=False)
            (bn): BatchNorm2d(192, eps=0.001, momentum=0.03, affine=True, track_running_stats=True)
            (act): SiLU(inplace=True)
          )
          (cv2): Conv(
            (conv): Conv2d(192, 192, kernel_size=(3, 3), stride=(1, 1), padding=(1, 1), bias=False)
            (bn): BatchNorm2d(192, eps=0.001, momentum=0.03, affine=True, track_running_stats=True)
            (act): SiLU(inplace=True)
          )
        )
      )
    )
    (16): Conv(
      (conv): Conv2d(384, 256, kernel_size=(1, 1), stride=(1, 1), bias=False)
      (bn): BatchNorm2d(256, eps=0.001, momentum=0.03, affine=True, track_running_stats=True)
      (act): SiLU(inplace=True)
    )
    (17): Upsample(scale_factor=2.0, mode='nearest')
    (18): Concat()
    (19): C3(
      (cv1): Conv(
        (conv): Conv2d(512, 128, kernel_size=(1, 1), stride=(1, 1), bias=False)
        (bn): BatchNorm2d(128, eps=0.001, momentum=0.03, affine=True, track_running_stats=True)
        (act): SiLU(inplace=True)
      )
      (cv2): Conv(
        (conv): Conv2d(512, 128, kernel_size=(1, 1), stride=(1, 1), bias=False)
        (bn): BatchNorm2d(128, eps=0.001, momentum=0.03, affine=True, track_running_stats=True)
        (act): SiLU(inplace=True)
      )
      (cv3): Conv(
        (conv): Conv2d(256, 256, kernel_size=(1, 1), stride=(1, 1), bias=False)
        (bn): BatchNorm2d(256, eps=0.001, momentum=0.03, affine=True, track_running_stats=True)
        (act): SiLU(inplace=True)
      )
      (m): Sequential(
        (0): Bottleneck(
          (cv1): Conv(
            (conv): Conv2d(128, 128, kernel_size=(1, 1), stride=(1, 1), bias=False)
            (bn): BatchNorm2d(128, eps=0.001, momentum=0.03, affine=True, track_running_stats=True)
            (act): SiLU(inplace=True)
          )
          (cv2): Conv(
            (conv): Conv2d(128, 128, kernel_size=(3, 3), stride=(1, 1), padding=(1, 1), bias=False)
            (bn): BatchNorm2d(128, eps=0.001, momentum=0.03, affine=True, track_running_stats=True)
            (act): SiLU(inplace=True)
          )
        )
      )
    )
    (20): Conv(
      (conv): Conv2d(256, 128, kernel_size=(1, 1), stride=(1, 1), bias=False)
      (bn): BatchNorm2d(128, eps=0.001, momentum=0.03, affine=True, track_running_stats=True)
      (act): SiLU(inplace=True)
    )
    (21): Upsample(scale_factor=2.0, mode='nearest')
    (22): Concat()
    (23): C3(
      (cv1): Conv(
        (conv): Conv2d(256, 64, kernel_size=(1, 1), stride=(1, 1), bias=False)
        (bn): BatchNorm2d(64, eps=0.001, momentum=0.03, affine=True, track_running_stats=True)
        (act): SiLU(inplace=True)
      )
      (cv2): Conv(
        (conv): Conv2d(256, 64, kernel_size=(1, 1), stride=(1, 1), bias=False)
        (bn): BatchNorm2d(64, eps=0.001, momentum=0.03, affine=True, track_running_stats=True)
        (act): SiLU(inplace=True)
      )
      (cv3): Conv(
        (conv): Conv2d(128, 128, kernel_size=(1, 1), stride=(1, 1), bias=False)
        (bn): BatchNorm2d(128, eps=0.001, momentum=0.03, affine=True, track_running_stats=True)
        (act): SiLU(inplace=True)
      )
      (m): Sequential(
        (0): Bottleneck(
          (cv1): Conv(
            (conv): Conv2d(64, 64, kernel_size=(1, 1), stride=(1, 1), bias=False)
            (bn): BatchNorm2d(64, eps=0.001, momentum=0.03, affine=True, track_running_stats=True)
            (act): SiLU(inplace=True)
          )
          (cv2): Conv(
            (conv): Conv2d(64, 64, kernel_size=(3, 3), stride=(1, 1), padding=(1, 1), bias=False)
            (bn): BatchNorm2d(64, eps=0.001, momentum=0.03, affine=True, track_running_stats=True)
            (act): SiLU(inplace=True)
          )
        )
      )
    )
    (24): Conv(
      (conv): Conv2d(128, 128, kernel_size=(3, 3), stride=(2, 2), padding=(1, 1), bias=False)
      (bn): BatchNorm2d(128, eps=0.001, momentum=0.03, affine=True, track_running_stats=True)
      (act): SiLU(inplace=True)
    )
    (25): Concat()
    (26): C3(
      (cv1): Conv(
        (conv): Conv2d(256, 128, kernel_size=(1, 1), stride=(1, 1), bias=False)
        (bn): BatchNorm2d(128, eps=0.001, momentum=0.03, affine=True, track_running_stats=True)
        (act): SiLU(inplace=True)
      )
      (cv2): Conv(
        (conv): Conv2d(256, 128, kernel_size=(1, 1), stride=(1, 1), bias=False)
        (bn): BatchNorm2d(128, eps=0.001, momentum=0.03, affine=True, track_running_stats=True)
        (act): SiLU(inplace=True)
      )
      (cv3): Conv(
        (conv): Conv2d(256, 256, kernel_size=(1, 1), stride=(1, 1), bias=False)
        (bn): BatchNorm2d(256, eps=0.001, momentum=0.03, affine=True, track_running_stats=True)
        (act): SiLU(inplace=True)
      )
      (m): Sequential(
        (0): Bottleneck(
          (cv1): Conv(
            (conv): Conv2d(128, 128, kernel_size=(1, 1), stride=(1, 1), bias=False)
            (bn): BatchNorm2d(128, eps=0.001, momentum=0.03, affine=True, track_running_stats=True)
            (act): SiLU(inplace=True)
          )
          (cv2): Conv(
            (conv): Conv2d(128, 128, kernel_size=(3, 3), stride=(1, 1), padding=(1, 1), bias=False)
            (bn): BatchNorm2d(128, eps=0.001, momentum=0.03, affine=True, track_running_stats=True)
            (act): SiLU(inplace=True)
          )
        )
      )
    )
    (27): Conv(
      (conv): Conv2d(256, 256, kernel_size=(3, 3), stride=(2, 2), padding=(1, 1), bias=False)
      (bn): BatchNorm2d(256, eps=0.001, momentum=0.03, affine=True, track_running_stats=True)
      (act): SiLU(inplace=True)
    )
    (28): Concat()
    (29): C3(
      (cv1): Conv(
        (conv): Conv2d(512, 192, kernel_size=(1, 1), stride=(1, 1), bias=False)
        (bn): BatchNorm2d(192, eps=0.001, momentum=0.03, affine=True, track_running_stats=True)
        (act): SiLU(inplace=True)
      )
      (cv2): Conv(
        (conv): Conv2d(512, 192, kernel_size=(1, 1), stride=(1, 1), bias=False)
        (bn): BatchNorm2d(192, eps=0.001, momentum=0.03, affine=True, track_running_stats=True)
        (act): SiLU(inplace=True)
      )
      (cv3): Conv(
        (conv): Conv2d(384, 384, kernel_size=(1, 1), stride=(1, 1), bias=False)
        (bn): BatchNorm2d(384, eps=0.001, momentum=0.03, affine=True, track_running_stats=True)
        (act): SiLU(inplace=True)
      )
      (m): Sequential(
        (0): Bottleneck(
          (cv1): Conv(
            (conv): Conv2d(192, 192, kernel_size=(1, 1), stride=(1, 1), bias=False)
            (bn): BatchNorm2d(192, eps=0.001, momentum=0.03, affine=True, track_running_stats=True)
            (act): SiLU(inplace=True)
          )
          (cv2): Conv(
            (conv): Conv2d(192, 192, kernel_size=(3, 3), stride=(1, 1), padding=(1, 1), bias=False)
            (bn): BatchNorm2d(192, eps=0.001, momentum=0.03, affine=True, track_running_stats=True)
            (act): SiLU(inplace=True)
          )
        )
      )
    )
    (30): Conv(
      (conv): Conv2d(384, 384, kernel_size=(3, 3), stride=(2, 2), padding=(1, 1), bias=False)
      (bn): BatchNorm2d(384, eps=0.001, momentum=0.03, affine=True, track_running_stats=True)
      (act): SiLU(inplace=True)
    )
    (31): Concat()
    (32): C3(
      (cv1): Conv(
        (conv): Conv2d(768, 256, kernel_size=(1, 1), stride=(1, 1), bias=False)
        (bn): BatchNorm2d(256, eps=0.001, momentum=0.03, affine=True, track_running_stats=True)
        (act): SiLU(inplace=True)
      )
      (cv2): Conv(
        (conv): Conv2d(768, 256, kernel_size=(1, 1), stride=(1, 1), bias=False)
        (bn): BatchNorm2d(256, eps=0.001, momentum=0.03, affine=True, track_running_stats=True)
        (act): SiLU(inplace=True)
      )
      (cv3): Conv(
        (conv): Conv2d(512, 512, kernel_size=(1, 1), stride=(1, 1), bias=False)
        (bn): BatchNorm2d(512, eps=0.001, momentum=0.03, affine=True, track_running_stats=True)
        (act): SiLU(inplace=True)
      )
      (m): Sequential(
        (0): Bottleneck(
          (cv1): Conv(
            (conv): Conv2d(256, 256, kernel_size=(1, 1), stride=(1, 1), bias=False)
            (bn): BatchNorm2d(256, eps=0.001, momentum=0.03, affine=True, track_running_stats=True)
            (act): SiLU(inplace=True)
          )
          (cv2): Conv(
            (conv): Conv2d(256, 256, kernel_size=(3, 3), stride=(1, 1), padding=(1, 1), bias=False)
            (bn): BatchNorm2d(256, eps=0.001, momentum=0.03, affine=True, track_running_stats=True)
            (act): SiLU(inplace=True)
          )
        )
      )
    )
    (33): Detect(
      (m): ModuleList(
        (0): Conv2d(128, 18, kernel_size=(1, 1), stride=(1, 1))
        (1): Conv2d(256, 18, kernel_size=(1, 1), stride=(1, 1))
        (2): Conv2d(384, 18, kernel_size=(1, 1), stride=(1, 1))
        (3): Conv2d(512, 18, kernel_size=(1, 1), stride=(1, 1))
      )
    )
  )
)","There is 22 of [st] detected with above 0.5 confidence, and 5 of [st] detected with below 0.5 confidence",flagged\Preprocessed Image img_resized\48710f86a74f3d0ef36d\image.webp,,,2025-07-27 17:19:58.188563
,EfficientResB3/weights/best.pt,"model.0.conv (Conv2d, backbone)",,,,,,,,,2025-07-27 17:20:10.553397
